Time,Latitude,Longitude,Range,CorrectedRange,LLH,CorrectedLLH,OrthometricHeight
514498800.6109116,52.370891,13.662402,810669.9807,810667.5642,71.4353,71.4489,31.5374
514498800.6603699,52.373740999999995,13.661019,810669.9373,810667.5208,72.1025,72.1161,32.2125
514498800.70982814,52.37659,13.659635999999999,810670.6089,810668.1924,72.0548,72.0684,32.1727
514498800.7592993,52.379439999999995,13.658252,810671.1697,810668.7532,72.1180,72.1316,32.2438
514498800.80875754,52.38229,13.656868999999999,810671.6901,810669.2736,72.2215,72.2351,32.3552
516831604.336663,52.369960999999996,13.664774,810552.5976,810550.1780,71.0598,71.0520,31.1411
516831604.3861215,52.372811,13.663390999999999,810552.2797,810549.8601,71.9903,71.9825,32.0794
516831604.4355676,52.375659999999996,13.662009,810552.8408,810550.4212,72.0416,72.0338,32.1384
516831604.4850137,52.378509,13.660625999999999,810553.3619,810550.9423,72.1329,72.1251,32.2375
516831604.5344598,52.381358,13.659243,810554.0241,810551.6045,72.0831,72.0752,32.1955
516831604.5839186,52.384206999999996,13.65786,810554.6938,810552.2742,72.0259,72.0180,32.1460
516831604.6333773,52.387057,13.656476,810555.2194,810552.7998,72.1128,72.1049,32.2407
519164404.9123652,52.37043,13.673067999999999,810323.0627,810320.5874,71.5276,71.5400,31.6399
519164404.96179795,52.373279,13.671686,810324.5685,810322.0932,70.6370,70.6494,30.7576
519164405.0112319,52.376127,13.670304,810323.7470,810321.2717,72.0737,72.0861,32.2025
519164405.0606649,52.378975,13.668922,810324.3252,810321.8499,72.1107,72.1231,32.2472
519164405.11009836,52.381823999999995,13.667539,810325.2797,810322.8045,71.7713,71.7837,31.9156
519164405.1595316,52.384671999999995,13.666157,810325.6525,810323.1773,72.0137,72.0261,32.1657
519164405.2089648,52.387519999999995,13.664774,810326.5074,810324.0322,71.7740,71.7864,31.9337
521497205.21583605,52.376359,13.674963,810312.4099,810309.8939,72.0160,72.0745,32.1970
521497205.26528144,52.379208,13.673580999999999,810313.0515,810310.5355,72.0014,72.0599,32.1901
521497205.3147142,52.382056999999996,13.672198,810313.7200,810311.2040,71.9597,72.0182,32.1562
521497205.3641472,52.384904999999996,13.670815999999999,810314.4247,810311.9087,71.8818,71.9403,32.0860
521497205.41357994,52.387753,13.669433999999999,810315.5915,810313.0755,71.3418,71.4003,31.5538
523830004.33174944,52.384014,13.674655999999999,810534.8942,810532.4260,71.9115,71.9907,32.1382
523830004.38119507,52.386863,13.673274,810535.5926,810533.1244,71.8425,71.9217,32.0769
523830004.4306531,52.389713,13.671890999999999,810536.5177,810534.0495,71.5469,71.6261,31.7891
526162802.4404812,52.370884,13.665413,810630.4491,810627.9620,71.0207,71.0644,31.1570
526162802.48993945,52.373732999999994,13.664029,810630.3682,810627.8811,71.7233,71.7670,31.8674
526162802.5393977,52.376583,13.662645999999999,810630.6550,810628.1678,72.0582,72.1019,32.2100
526162802.588856,52.379431999999994,13.661261999999999,810631.3288,810628.8416,72.0061,72.0498,32.1658
526162802.6383014,52.382281,13.659879,810631.9719,810629.4847,71.9845,72.0282,32.1520
526162802.68775964,52.38513,13.658494999999998,810632.7843,810630.2971,71.7937,71.8374,31.9691
526162802.73720527,52.387978999999994,13.657110999999999,810633.2187,810630.7314,71.9809,72.0246,32.1640
528495608.250849,52.371345,13.658441,810509.6842,810507.2123,72.4802,72.4606,32.5473
528495608.3003073,52.374193999999996,13.657058,810510.5310,810508.0592,72.2495,72.2299,32.3243
530828405.97029305,52.372305,13.674033,810378.6971,810376.2675,72.2753,72.2197,32.3275
530828406.0197258,52.375153,13.672651,810379.4482,810377.0186,72.1461,72.0905,32.2065
530828406.0691595,52.378001,13.671268999999999,810380.0354,810377.6058,72.1809,72.1253,32.2490
530828406.11859226,52.380849999999995,13.669887,810380.7089,810378.2793,72.1293,72.0738,32.2052
530828406.168025,52.383697999999995,13.668503999999999,810381.2354,810378.8057,72.2248,72.1692,32.3083
530828406.21747065,52.386547,13.667121999999999,810381.9371,810379.5074,72.1452,72.0896,32.2365
530828406.2669034,52.389395,13.665738999999999,810383.3175,810380.8878,71.3867,71.3311,31.4857
533161203.81912565,52.380843999999996,13.675170999999999,810490.5097,810488.0540,72.0791,72.0419,32.1790
533161203.8685713,52.383693,13.673789,810491.0629,810488.6071,72.1566,72.1194,32.2646
533161203.9180298,52.386542999999996,13.672405999999999,810491.7262,810489.2704,72.1241,72.0869,32.2403
533161203.96747565,52.389392,13.671024,810492.3669,810489.9110,72.1141,72.0769,32.2383
535494002.3490703,52.370255,13.663333999999999,810646.6464,810644.2369,72.0716,72.0866,32.1751
535494002.3985157,52.373104,13.661951,810647.2110,810644.8015,72.1358,72.1509,32.2471
535494002.4479866,52.375954,13.660566999999999,810647.7880,810645.3784,72.1879,72.2029,32.3069
535494002.49743223,52.378803,13.659184,810648.5830,810646.1734,72.0217,72.0367,32.1485
535494002.5468905,52.381651999999995,13.6578,810649.1526,810646.7430,72.0810,72.0961,32.2156
535494002.5963614,52.384502999999995,13.656414999999999,810649.7898,810647.3801,72.0729,72.0879,32.2152
537826805.0934346,52.371012,13.668973999999999,810656.2092,810653.8399,70.4644,70.5009,30.5988
537826805.1428928,52.373861,13.667591,810655.9734,810653.6041,71.3207,71.3572,31.4629
537826805.1923635,52.376712,13.666208,810655.8602,810653.4908,72.0547,72.0911,32.2045
537826805.2418218,52.379560999999995,13.664824999999999,810656.5586,810654.1892,71.9767,72.0131,32.1343
537826805.2912672,52.38241,13.663442,810657.2526,810654.8832,71.9030,71.9395,32.0683
537826805.3407383,52.385259999999995,13.662058,810657.8501,810655.4807,71.9261,71.9626,32.0992
537826805.3901837,52.388109,13.660675,810658.7043,810656.3349,71.6922,71.7287,31.8730
540159605.1759465,52.375982,13.675822,810496.9633,810494.5596,72.0077,71.9913,32.1136
540159605.2253919,52.378831,13.674439999999999,810497.4488,810495.0451,72.1393,72.1230,32.2530
540159605.2748375,52.381679999999996,13.673058,810498.2779,810495.8741,71.9273,71.9109,32.0487
540159605.3242829,52.384529,13.671674999999999,810499.0224,810496.6186,71.7999,71.7835,31.9291
540159605.3737285,52.387378,13.670292,810500.0020,810497.5982,71.4373,71.4210,31.5743
542492403.7744303,52.382805,13.67506,810412.8276,810410.4285,72.1775,72.0911,32.2346
542492403.8238759,52.385653999999995,13.673677999999999,810413.4908,810411.0918,72.1372,72.0509,32.2024
542492403.8733213,52.388503,13.672296,810414.0191,810411.6201,72.2319,72.1456,32.3051
544825207.7350259,52.372243999999995,13.665177,810516.4498,810514.0180,71.8200,71.7196,31.8157
544825207.7844713,52.375093,13.663794,810516.8749,810514.4431,72.0224,71.9220,32.0262
544825207.8339169,52.377942,13.662410999999999,810517.5384,810515.1065,71.9865,71.8861,31.9983
544825207.8833752,52.380790999999995,13.661026999999999,810517.9931,810515.5612,72.1595,72.0591,32.1793
544825207.9328206,52.38364,13.659644,810518.6619,810516.2299,72.1183,72.0178,32.1461
544825207.9822788,52.386489999999995,13.658259999999999,810519.7213,810517.2893,71.6865,71.5861,31.7224
544825208.0317233,52.389337999999995,13.656875999999999,810519.9336,810517.5016,72.1016,72.0012,32.1454
547158010.7054687,52.370934,13.672409,810608.7632,810606.3148,71.9839,71.9357,32.0357
547158010.7549143,52.373782999999996,13.671026999999999,810610.9510,810608.5027,70.4177,70.3695,30.4776
547158010.8043852,52.376633,13.669642999999999,810610.5240,810608.0758,71.4666,71.4184,31.5347
547158010.8538435,52.379483,13.668261,810610.5242,810608.0761,72.0882,72.0400,32.1644
547158010.9032891,52.382332,13.666877999999999,810611.2200,810608.7719,72.0140,71.9658,32.0982
547158010.9527473,52.385180999999996,13.665495,810611.9784,810609.5304,71.8774,71.8292,31.9697
547158011.0022056,52.388031,13.664111,810612.8207,810610.3728,71.6568,71.6086,31.7572
549490814.7098272,52.370903999999996,13.664845999999999,810501.0998,810498.5774,71.1498,71.1889,31.2801
549490814.7592726,52.373753,13.663464,810500.8444,810498.3221,72.0196,72.0586,32.1579
549490814.8087182,52.376602,13.662082,810501.5411,810499.0189,71.9372,71.9762,32.0834
549490814.8581636,52.379450999999996,13.660699999999999,810502.0562,810499.5342,72.0364,72.0754,32.1907
549490814.9076092,52.3823,13.659317,810502.7759,810500.2540,71.9311,71.9701,32.0934
549490814.9570673,52.385149,13.657934,810503.4470,810500.9253,71.8744,71.9134,32.0448
549490815.0065255,52.387999,13.656550999999999,810504.0843,810501.5627,71.8516,71.8906,32.0299
551823613.5928159,52.372152,13.670606,810326.0648,810323.6148,70.4267,70.5308,30.6330
551823613.6422489,52.375,13.669224,810325.0866,810322.6368,72.0224,72.1265,32.2367
551823613.6916821,52.377849,13.667842,810325.7055,810323.2559,72.0209,72.1250,32.2431
551823613.7411153,52.380697,13.666459999999999,810326.3710,810323.9216,71.9729,72.0770,32.2031
551823613.7905488,52.383545999999996,13.665078,810327.0416,810324.5924,71.9197,72.0238,32.1578
551823613.839982,52.386393999999996,13.663696,810328.0271,810325.5781,71.5517,71.6558,31.7978
551823613.8894153,52.389241999999996,13.662313999999999,810328.5984,810326.1496,71.5978,71.7019,31.8518
554156411.1431186,52.375930999999994,13.674907,810356.2024,810353.7426,70.1193,70.2209,30.3420
554156411.1925516,52.37878,13.673525,810355.1001,810352.6404,71.8488,71.9504,32.0793
554156411.2419848,52.381628,13.672144,810355.6960,810353.2364,71.8802,71.9818,32.1185
554156411.2914181,52.384477,13.670762,810356.5935,810354.1339,71.6100,71.7116,31.8559
554156411.3408515,52.387325,13.669379,810357.5232,810355.0637,71.3075,71.4091,31.5612
556489208.4594514,52.378056,13.675222999999999,810547.3975,810544.9516,71.9206,71.9855,32.1134
556489208.5089097,52.380905,13.673841,810547.9824,810545.5366,71.9639,72.0288,32.1646
556489208.558368,52.383755,13.672459,810548.6564,810546.2106,71.9182,71.9831,32.1268
556489208.6078134,52.386604,13.671076999999999,810549.4402,810546.9944,71.7624,71.8273,31.9788
556489208.657259,52.389452999999996,13.669694,810550.5181,810548.0723,71.3126,71.3775,31.5369
558822006.4145622,52.372569,13.664023,810613.6265,810611.2102,72.0436,72.0941,32.1908
558822006.4640205,52.375419,13.66264,810614.2331,810611.8168,72.0579,72.1084,32.2129
558822006.5134659,52.378268,13.661256,810614.9111,810612.4948,72.0008,72.0514,32.1636
558822006.5629241,52.381116999999996,13.659873,810615.4522,810613.0359,72.0806,72.1312,32.2512
558822006.6123698,52.383966,13.658489,810616.1531,810613.7368,72.0005,72.0511,32.1789
558822006.661828,52.386815,13.657105,810616.9137,810614.4974,71.8608,71.9114,32.0470
561154810.2136936,52.370450999999996,13.667473,810505.3041,810502.8637,70.6523,70.7092,30.8033
561154810.263139,52.3733,13.666089999999999,810504.3447,810501.9043,72.2294,72.2863,32.3882
561154810.312597,52.376149,13.664707,810505.0070,810502.5666,72.1849,72.2418,32.3514
561154810.3620424,52.378997999999996,13.663324999999999,810505.9904,810503.5500,71.8192,71.8761,31.9935
561154810.411488,52.381847,13.661942,810506.4574,810504.0169,71.9700,72.0269,32.1520
561154810.4609334,52.384696,13.660559,810507.1082,810504.6677,71.9369,71.9938,32.1267
561154810.5103917,52.387546,13.659175,810507.7660,810505.3255,71.8970,71.9539,32.0945
563487610.8517146,52.37215,13.670031999999999,810414.0547,810411.6501,71.5206,71.5686,31.6703
563487610.9011602,52.374998999999995,13.66865,810414.3170,810411.9124,71.8819,71.9299,32.0399
563487610.9506056,52.377848,13.667268,810414.9708,810412.5662,71.8517,71.8997,32.0179
563487611.0000384,52.380696,13.665885999999999,810415.5462,810413.1416,71.8998,71.9478,32.0742
563487611.0494702,52.383545,13.664503999999999,810416.1147,810413.7101,71.9547,72.0027,32.1368
563487611.0989032,52.386393,13.663122,810416.7115,810414.3069,71.9813,72.0293,32.1711
563487611.1483486,52.389241999999996,13.661738999999999,810417.4910,810415.0863,71.8255,71.8735,32.0229
565820407.428999,52.376681,13.675875999999999,810504.7122,810502.2829,70.4510,70.4264,30.5505
565820407.478457,52.379531,13.674494,810503.9511,810501.5218,71.8425,71.8179,31.9498
565820407.5279026,52.38238,13.673112,810504.6137,810502.1845,71.8100,71.7854,31.9253
565820407.577348,52.385228999999995,13.67173,810504.9285,810502.4993,72.1254,72.1008,32.2485
565820407.6267936,52.388078,13.670347,810505.7573,810503.3281,71.9268,71.9022,32.0577
568153210.5266879,52.372523,13.661254999999999,810658.9628,810656.6113,72.3926,72.2412,32.3342
568153210.5761335,52.375372,13.659872,810659.6833,810657.3318,72.3005,72.1491,32.2499
568153210.6255918,52.378220999999996,13.658489,810660.3621,810658.0106,72.2503,72.0989,32.2076
568153210.6750498,52.381071,13.657105,810661.0214,810658.6699,72.2196,72.0682,32.1847
570486012.7989473,52.370469,13.665913999999999,810648.8157,810646.3478,72.7478,72.5405,32.6315
570486012.8484054,52.373318999999995,13.664531,810649.4190,810646.9512,72.7638,72.5566,32.6557
570486012.8978765,52.376169,13.663148,810650.1754,810647.7076,72.6270,72.4198,32.5271
570486012.9473348,52.379017999999995,13.661764999999999,810651.0917,810648.6240,72.3300,72.1228,32.2383
570486012.996793,52.381868,13.660382,810651.7449,810649.2772,72.2961,72.0889,32.2125
570486013.046263,52.384718,13.658999,810651.9009,810649.4332,72.7597,72.5525,32.6838
570486013.0957086,52.387567,13.657615999999999,810653.2522,810650.7845,72.0276,71.8204,31.9594
572818812.0555847,52.372642,13.670791999999999,810474.4158,810472.0441,71.1260,70.9866,31.0921
572818812.1050303,52.375491,13.669411,810474.4996,810472.1279,71.6586,71.5192,31.6324
572818812.1544757,52.378339999999994,13.668028999999999,810474.8630,810472.4913,71.9116,71.7722,31.8931
572818812.2039213,52.381189,13.666647,810475.2583,810472.8867,72.1325,71.9932,32.1219
572818812.2533667,52.384038,13.665265,810475.9584,810473.5868,72.0487,71.9094,32.0458
572818812.302825,52.386888,13.663882,810476.6285,810474.2569,71.9951,71.8558,31.9999
572818812.3522706,52.389737,13.6625,810477.3735,810475.0019,71.8665,71.7272,31.8790
575151610.6147599,52.371232,13.662393,810394.4520,810392.0990,72.4225,72.4027,32.4924
575151610.6642056,52.374081,13.66101,810395.2567,810392.9037,72.2417,72.2219,32.3195
575151610.7136383,52.376929,13.659626999999999,810395.9655,810393.6125,72.1567,72.1369,32.2425
575151610.7630711,52.379777,13.658244,810396.4883,810394.1353,72.2576,72.2379,32.3513
575151610.8125038,52.382625,13.656861,810397.1489,810394.7959,72.2208,72.2011,32.3224
577484414.672596,52.372257,13.667694,810517.4475,810514.9841,72.3522,72.4335,32.5327
577484414.7220542,52.375107,13.666310999999999,810518.2045,810515.7412,72.2229,72.3043,32.4114
577484414.7714999,52.377956,13.664928,810519.0822,810516.6189,71.9729,72.0542,32.1694
577484414.8209453,52.380804999999995,13.663546,810519.6459,810517.1827,72.0367,72.1181,32.2412
577484414.8703907,52.383654,13.662163,810520.3282,810517.8650,71.9821,72.0634,32.1946
577484414.9198489,52.386503,13.660779,810520.9928,810518.5296,71.9453,72.0266,32.1657
577484414.9692945,52.389351999999995,13.659396,810521.8338,810519.3707,71.7318,71.8131,31.9603
579817215.0941365,52.374832,13.674609,810591.7978,810589.3429,71.8772,71.9935,32.1107
579817215.1435821,52.377680999999995,13.673226999999999,810592.2545,810589.7998,72.0408,72.1571,32.2821
579817215.1930277,52.38053,13.671844,810592.9355,810590.4809,71.9801,72.0964,32.2291
579817215.242486,52.383379,13.670461999999999,810593.4564,810591.0019,72.0797,72.1960,32.3364
579817215.2919443,52.386229,13.669079,810594.2642,810591.8098,71.8924,72.0086,32.1568
579817215.3413897,52.389078,13.667696,810595.4499,810592.9957,71.3269,71.4432,31.5991
582150016.1260362,52.372336999999995,13.672476,810469.6769,810467.2221,70.4784,70.5633,30.6696
582150016.1754818,52.375186,13.671094,810469.9590,810467.5042,70.8110,70.8959,31.0100
582150016.2249272,52.378035,13.669711,810469.5726,810467.1177,71.8122,71.8971,32.0190
582150016.2743728,52.380883999999995,13.668329,810469.9957,810467.5407,72.0039,72.0888,32.2184
582150016.3238182,52.383733,13.666946999999999,810470.7116,810468.2566,71.9027,71.9877,32.1250
582150016.3732638,52.386582,13.665564,810471.1477,810468.6926,72.0814,72.1663,32.3114
582150016.4227095,52.389430999999995,13.664181,810472.1813,810469.7262,71.6625,71.7475,31.9003
584482815.3408248,52.372302999999995,13.672609,810321.9374,810319.4828,70.2858,70.3439,30.4498
584482815.3902581,52.375152,13.671228,810321.7581,810319.3036,71.0842,71.1423,31.2560
584482815.4396787,52.377998999999996,13.669846999999999,810321.9230,810319.4686,71.5382,71.5964,31.7179
584482815.4891121,52.380848,13.668465,810322.1734,810319.7190,71.9069,71.9650,32.0943
584482815.5385454,52.383696,13.667083,810322.7181,810320.2638,71.9812,72.0394,32.1765
584482815.5879915,52.386545,13.6657,810323.7852,810321.3310,71.5333,71.5915,31.7365
584482815.6374247,52.389393999999996,13.664318,810324.6262,810322.1720,71.3114,71.3695,31.5223
586815612.0707896,52.382405999999996,13.675224,810384.0676,810381.5645,71.9094,71.9807,32.1239
586815612.1202226,52.385253999999996,13.673841999999999,810384.8374,810382.3343,71.7674,71.8387,31.9897
586815612.1696553,52.388101999999996,13.67246,810385.7261,810383.2229,71.5066,71.5779,31.7365
589148409.8146033,52.371649999999995,13.658631,810573.4631,810570.9351,71.9121,71.9947,32.0813
589148409.864049,52.374499,13.657248,810573.9673,810571.4395,72.0359,72.1185,32.2132
591481214.6256499,52.372617999999996,13.661513,810632.9543,810630.5536,72.1379,72.1831,32.2765
591481214.6750953,52.375467,13.660131,810633.6301,810631.2295,72.0819,72.1272,32.2284
591481214.7245536,52.378316999999996,13.658748,810634.2003,810631.7997,72.1318,72.1770,32.2862
591481214.7740119,52.381166,13.657364,810634.8835,810632.4829,72.0687,72.1139,32.2309
591481214.8234701,52.384015,13.655980999999999,810635.5447,810633.1442,72.0274,72.0726,32.1976
593814016.2033114,52.37135,13.665545999999999,810487.7576,810485.3735,71.0281,70.9823,31.0773
593814016.2527697,52.374199999999995,13.664162999999999,810487.9699,810485.5858,71.4327,71.3869,31.4896
593814016.3022151,52.377049,13.662780999999999,810487.7558,810485.3717,72.2637,72.2179,32.3284
593814016.3516605,52.379898,13.661398,810488.4404,810486.0563,72.1959,72.1501,32.2683
593814016.4011061,52.382746999999995,13.660015,810489.1254,810486.7413,72.1277,72.0819,32.2079
593814016.4505515,52.385596,13.658633,810490.1821,810487.7980,71.6878,71.6420,31.7757
593814016.5000098,52.388445,13.657249,810490.5799,810488.1958,71.9069,71.8612,32.0026
596146814.0729749,52.370055,13.672706999999999,810389.0877,810386.6557,70.4982,70.3646,30.4637
596146814.1224077,52.372903,13.671325999999999,810389.2015,810386.7694,71.0090,70.8753,30.9822
596146814.1718533,52.375752,13.669944,810389.1586,810386.7265,71.6766,71.5429,31.6575
596146814.221286,52.378600999999996,13.668562,810389.3540,810386.9219,72.1057,71.9721,32.0944
596146814.2707188,52.381448999999996,13.66718,810389.9706,810387.5385,72.1136,71.9800,32.1101
596146814.3201516,52.384297,13.665797999999999,810390.6218,810388.1896,72.0870,71.9534,32.0912
596146814.3695843,52.387145999999994,13.664416,810391.2941,810388.8619,72.0392,71.9056,32.0512
598479609.6860919,52.377683,13.67567,810512.0504,810509.6582,72.1702,72.0350,32.1618
598479609.7355373,52.380531999999995,13.674287999999999,810512.5875,810510.1953,72.2647,72.1295,32.2643
598479609.7849829,52.383381,13.672906999999999,810513.3542,810510.9619,72.1298,71.9945,32.1374
598479609.8344283,52.38623,13.671524999999999,810513.9380,810511.5457,72.1776,72.0423,32.1932
598479609.8838739,52.389078999999995,13.670142,810514.6581,810512.2658,72.0891,71.9539,32.1128
600812413.4343922,52.372377,13.667221,810697.0032,810694.6727,70.6482,70.5935,30.6932
600812413.483851,52.375226999999995,13.665837999999999,810696.7705,810694.4400,71.5089,71.4542,31.5617
600812413.5333099,52.378076,13.664455,810696.8382,810694.5077,72.0691,72.0144,32.1296
600812413.5827813,52.380927,13.663072,810697.5002,810695.1697,72.0352,71.9805,32.1035
600812413.6322398,52.383776,13.661688,810698.0724,810695.7420,72.0908,72.0361,32.1670
600812413.681711,52.386626,13.660304,810699.0226,810696.6922,71.7687,71.7140,31.8527
600812413.731169,52.389475999999995,13.65892,810699.2727,810696.9423,72.1465,72.0918,32.2383
603145214.6951778,52.370290999999995,13.672996,810647.2180,810644.8665,72.1162,72.1463,32.2448
603145214.7446365,52.37314,13.671612999999999,810648.8057,810646.4543,71.1454,71.1756,31.2822
603145214.7941074,52.375991,13.670231,810648.7242,810646.3728,71.8440,71.8741,31.9889
603145214.8435657,52.37884,13.668847999999999,810649.2714,810646.9200,71.9138,71.9439,32.0668
603145214.8930113,52.381688999999994,13.667466,810649.8747,810647.5233,71.9273,71.9574,32.0883
603145214.9424696,52.384539,13.666082999999999,810650.5306,810648.1793,71.8883,71.9184,32.0575
603145214.9919279,52.387387999999994,13.6647,810651.6863,810649.3350,71.3495,71.3796,31.5268
605478012.4197898,52.381167999999995,13.674738999999999,810419.1638,810416.7995,71.8297,71.8963,32.0341
605478012.4692352,52.384017,13.673357,810419.6797,810417.3155,71.9288,71.9954,32.1411
605478012.5186803,52.386866,13.671975,810420.3298,810417.9656,71.8939,71.9605,32.1140
605478012.568126,52.389714999999995,13.670593,810422.0542,810419.6901,70.7845,70.8511,31.0125
607810817.0137057,52.372426,13.66171,810371.7586,810369.3552,72.0276,72.0721,32.1662
607810817.0631397,52.375274999999995,13.660328,810372.3357,810369.9322,72.0762,72.1207,32.2224
607810817.1125724,52.378122999999995,13.658945,810373.0094,810370.6059,72.0281,72.0726,32.1821
607810817.1620181,52.380972,13.657561999999999,810373.6855,810371.2820,71.9777,72.0222,32.1395
607810817.2114635,52.383821,13.656177999999999,810374.2227,810371.8191,72.0663,72.1108,32.2357
610143620.3955991,52.371914,13.664572999999999,810539.1010,810536.7000,70.8506,70.8488,30.9440
610143620.4450448,52.374762999999994,13.66319,810538.5463,810536.1454,72.0333,72.0315,32.1345
610143620.4944901,52.377612,13.661807999999999,810539.1965,810536.7957,72.0111,72.0093,32.1201
610143620.5439358,52.380461,13.660425,810539.8846,810537.4839,71.9510,71.9492,32.0678
610143620.593394,52.383309999999994,13.659042,810540.6646,810538.2640,71.7992,71.7974,31.9238
610143620.6428394,52.386159,13.657658999999999,810541.4509,810539.0504,71.6408,71.6390,31.7732
610143620.6922851,52.389008,13.656276,810541.7673,810539.3669,71.9524,71.9507,32.0926
612476420.4388926,52.370647,13.672125,810599.9604,810597.5651,72.1703,72.1536,32.2529
612476420.4883513,52.373497,13.670743,810601.6108,810599.2155,71.1389,71.1221,31.2294
612476420.5377972,52.376346,13.669360999999999,810601.3154,810598.9202,72.0531,72.0364,32.1515
612476420.587256,52.379196,13.667978,810601.9048,810599.5096,72.0827,72.0659,32.1889
612476420.6367021,52.382044,13.666596,810602.5741,810600.1790,72.0322,72.0155,32.1463
612476420.6861608,52.384893999999996,13.665213,810603.7338,810601.3388,71.4914,71.4747,31.6135
612476420.7356069,52.387743,13.663829999999999,810604.6769,810602.2819,71.1671,71.1504,31.2970
614809219.7523413,52.373832,13.674928,810439.7896,810437.2975,69.5793,69.5975,29.7104
614809219.801774,52.37668,13.673547,810438.0199,810435.5277,71.9625,71.9807,32.1017
614809219.8512194,52.379529,13.672163999999999,810438.6153,810436.1231,71.9806,71.9988,32.1280
614809219.900665,52.382377999999996,13.670781999999999,810439.3659,810436.8737,71.8436,71.8618,31.9992
614809219.9501104,52.385227,13.6694,810440.3336,810437.8413,71.4895,71.5077,31.6531
614809219.9995561,52.388076999999996,13.668016999999999,810441.2187,810438.7264,71.2179,71.2361,31.3897
617142018.9391503,52.371911,13.675431,810291.7400,810289.1565,72.0998,72.1625,32.2703
617142018.9885831,52.374759999999995,13.67405,810292.8777,810290.2942,71.5825,71.6451,31.7614
617142019.0380168,52.377607999999995,13.672668,810293.1381,810290.5545,71.9425,72.0051,32.1292
617142019.0874369,52.380455999999995,13.671287,810293.7938,810291.2101,71.9070,71.9695,32.1014
617142019.1368697,52.383303999999995,13.669905,810294.4972,810291.9135,71.8239,71.8865,32.0261
617142019.1863024,52.386153,13.668522999999999,810295.2154,810292.6316,71.7261,71.7887,31.9360
617142019.2357352,52.389001,13.667140999999999,810296.4195,810293.8356,71.1424,71.2050,31.3600
619474815.6478093,52.379630999999996,13.675889999999999,810404.5250,810401.9965,71.8932,71.9618,32.0955
619474815.6972549,52.382481,13.674508,810405.1195,810402.5910,71.9282,71.9968,32.1385
619474815.7466881,52.385329,13.673127,810405.7877,810403.2593,71.8892,71.9579,32.1075
619474815.7961214,52.388177,13.671745,810406.4923,810403.9639,71.8139,71.8825,32.0402
621807616.4141686,52.370155,13.662847,810632.7787,810630.3361,71.0511,71.0773,31.1646
621807616.4636273,52.373003999999995,13.661463999999999,810632.4146,810629.9720,72.0435,72.0697,32.1648
621807616.5130734,52.375853,13.660081,810633.0197,810630.5771,72.0664,72.0926,32.1955
621807616.5625322,52.378702,13.658698,810633.7187,810631.2761,71.9957,72.0219,32.1326
621807616.6120036,52.381553,13.657314,810634.3866,810631.9440,71.9562,71.9824,32.1009
624140418.4560685,52.371064,13.665258,810641.0582,810638.5744,70.7095,70.6806,30.7735
624140418.505527,52.373914,13.663874999999999,810640.2032,810637.7195,72.1823,72.1535,32.2542
624140418.5549722,52.376763,13.662493,810640.9123,810638.4287,72.0908,72.0620,32.1706
624140418.6044433,52.379613,13.661109,810641.5522,810639.0686,72.0690,72.0402,32.1566
624140418.6538887,52.382462,13.659726,810642.2854,810639.8019,71.9534,71.9246,32.0489
624140418.703347,52.385310999999994,13.658342999999999,810643.2527,810640.7692,71.6039,71.5751,31.7071
624140418.7528052,52.388161,13.65696,810643.7911,810641.3077,71.6832,71.6544,31.7943
626473217.2486367,52.372585,13.66922,810437.4040,810435.0240,70.8456,70.7988,30.9020
626473217.2980824,52.375434,13.667838,810436.7132,810434.3332,72.1530,72.1063,32.2172
626473217.347528,52.378282999999996,13.666456,810437.3933,810435.0133,72.0894,72.0427,32.1613
626473217.3969734,52.381132,13.665073,810438.0362,810435.6562,72.0630,72.0163,32.1427
626473217.4464061,52.383981,13.663691,810438.6262,810436.2462,72.0894,72.0427,32.1769
626473217.4958518,52.386829999999996,13.662308999999999,810439.5730,810437.1930,71.7591,71.7124,31.8543
626473217.5452971,52.389679,13.660926,810440.0975,810437.7174,71.8512,71.8044,31.9541
628806013.1204994,52.372471,13.675225,810369.7059,810367.3108,72.1711,72.1541,32.2642
628806013.1699326,52.375319999999995,13.673843,810370.4020,810368.0069,72.1023,72.0853,32.2031
628806013.2193532,52.378167,13.672462999999999,810371.0892,810368.6941,72.0423,72.0253,32.1509
628806013.2687864,52.381015999999995,13.671081,810371.7511,810369.3561,72.0077,71.9907,32.1241
628806013.3182197,52.383863999999996,13.669699999999999,810372.2997,810369.9047,72.0864,72.0694,32.2105
628806013.3676524,52.386713,13.668318,810372.9993,810370.6043,72.0141,71.9971,32.1459
628806013.4170852,52.389561,13.666936,810375.2869,810372.8920,70.3537,70.3367,30.4933
631138815.1915774,52.370967,13.665123999999999,810581.4321,810579.0339,71.0761,71.0956,31.1888
631138815.2410231,52.373815,13.663741,810581.6911,810579.2929,71.4514,71.4709,31.5718
631138815.2904811,52.376664999999996,13.662358,810581.8343,810579.4361,71.9428,71.9623,32.0709
631138815.3399267,52.379514,13.660974999999999,810582.3665,810579.9683,72.0449,72.0644,32.1808
631138815.3893721,52.382363,13.659592,810583.1160,810580.7178,71.9297,71.9491,32.0733
631138815.4388304,52.385211999999996,13.658208,810583.8342,810581.4360,71.8460,71.8654,31.9973
631138815.488276,52.388061,13.656823999999999,810584.2598,810581.8616,72.0547,72.0741,32.2137
633471616.9922552,52.370352999999994,13.672436,810748.5640,810746.1790,70.1020,70.1142,30.2140
633471617.0417144,52.373202,13.671052999999999,810747.3212,810744.9362,71.9694,71.9816,32.0892
633471617.0911858,52.376053,13.66967,810747.7804,810745.3954,72.1350,72.1472,32.2625
633471617.1406446,52.378902,13.668287999999999,810748.4767,810746.0917,72.0634,72.0756,32.1987
633471617.1901033,52.381750999999994,13.666905,810749.1196,810746.7346,72.0451,72.0573,32.1881
633471617.2395749,52.384602,13.665521,810749.8640,810747.4790,71.9255,71.9377,32.0762
633471617.2890463,52.387451999999996,13.664138,810751.6951,810749.3101,70.7192,70.7314,30.8776
635804416.4620209,52.374756999999995,13.675441,810590.0427,810587.6786,69.7421,69.7022,29.8191
635804416.5114667,52.377606,13.674059,810589.1224,810586.7584,71.2750,71.2350,31.3599
635804416.5609255,52.380455999999995,13.672677,810589.0461,810586.6823,71.9639,71.9240,32.0568
635804416.6103716,52.383303999999995,13.671294999999999,810589.6465,810587.2828,71.9761,71.9362,32.0768
635804416.6598303,52.386154,13.669912,810590.1512,810587.7876,72.0842,72.0442,32.1928
635804416.7092764,52.389002999999995,13.668529999999999,810591.1475,810588.7841,71.7003,71.6604,31.8168
638137217.4516866,52.370329,13.659649,810343.9969,810341.6212,72.0481,71.9583,32.0424
638137217.5011191,52.373177,13.658266,810344.3544,810341.9787,72.3079,72.2181,32.3100
638137217.5505519,52.376025999999996,13.656882999999999,810345.0563,810342.6806,72.2234,72.1336,32.2333
640470022.336916,52.372097,13.66385,810384.7281,810382.3457,72.3047,72.2096,32.3048
640470022.3863621,52.374945999999994,13.662467,810385.4347,810383.0524,72.2269,72.1319,32.2348
640470022.4357951,52.377795,13.661085,810386.1205,810383.7382,72.1698,72.0748,32.1855
640470022.4852278,52.380643,13.659702,810386.7803,810384.3980,72.1387,72.0437,32.1621
640470022.5346606,52.383491,13.658318999999999,810387.3256,810384.9433,72.2221,72.1270,32.2533
640470022.5840933,52.386339,13.656936,810387.9943,810385.6120,72.1821,72.0870,32.2210
642802824.065198,52.370301999999995,13.670513999999999,810592.7073,810590.3280,72.2306,72.1862,32.2836
642802824.1146436,52.373151,13.669132,810594.6899,810592.3106,70.8754,70.8310,30.9362
642802824.164089,52.376,13.66775,810594.0613,810591.6820,72.1314,72.0870,32.1999
642802824.2135472,52.37885,13.666367,810594.7368,810592.3574,72.0835,72.0391,32.1597
642802824.2630055,52.381699,13.664983999999999,810595.3114,810592.9320,72.1364,72.0920,32.2203
642802824.3124511,52.384547999999995,13.663602,810595.9775,810593.5981,72.0976,72.0532,32.1893
642802824.3618965,52.387397,13.662218999999999,810596.8296,810594.4502,71.8728,71.8284,31.9722
645135622.9166489,52.380596999999995,13.675184,810592.4152,810589.9059,71.9629,71.9954,32.1322
645135622.966095,52.383446,13.673801,810593.1233,810590.6139,71.8701,71.9026,32.0475
645135623.0155535,52.386295,13.672419,810593.8313,810591.3219,71.7775,71.8100,31.9630
645135623.0649986,52.389143999999995,13.671035999999999,810594.8425,810592.3330,71.3816,71.4140,31.5747
647468422.9675744,52.373957,13.675533,810377.8572,810375.4110,69.2842,69.3670,29.4822
647468423.0170083,52.376805,13.674151,810377.9414,810375.4952,69.8128,69.8956,30.0190
647468423.066441,52.379653999999995,13.67277,810377.1789,810374.7327,71.1881,71.2709,31.4020
647468423.1158738,52.382501999999995,13.671387999999999,810377.3658,810374.9195,71.6141,71.6968,31.8356
647468423.1653066,52.385351,13.670005999999999,810377.5846,810375.1383,72.0081,72.0909,32.2374
647468423.2147393,52.388199,13.668624,810378.6695,810376.2232,71.5359,71.6187,31.7729
649801221.895267,52.371978,13.673744,810281.8210,810279.3610,69.6204,69.7001,29.8058
649801221.9446998,52.374826999999996,13.672362999999999,810280.9041,810278.4442,71.1609,71.2406,31.3546
649801221.9941325,52.377674999999996,13.670981,810280.7433,810278.2835,71.9453,72.0250,32.1474
649801222.0435643,52.380523999999994,13.669599999999999,810281.3841,810278.9243,71.9281,72.0078,32.1380
649801222.0929973,52.383371999999994,13.668218,810282.0760,810279.6162,71.8599,71.9396,32.0774
649801222.1424305,52.386221,13.666836,810283.1619,810280.7022,71.3976,71.4773,31.6229
649801222.1918638,52.389069,13.665453999999999,810283.9961,810281.5364,71.1871,71.2668,31.4201
652134018.3203325,52.373036,13.675108999999999,810469.4012,810466.8959,72.4848,72.5382,32.6494
652134018.3697779,52.375885,13.673727,810470.5383,810468.0330,71.9794,72.0328,32.1518
652134018.4192235,52.378733999999994,13.672346,810471.1430,810468.6377,72.0064,72.0598,32.1867
652134018.4686689,52.381583,13.670964,810471.8212,810469.3159,71.9598,72.0132,32.1479
652134018.5181146,52.384432999999994,13.669582,810472.4801,810469.9747,71.9327,71.9860,32.1285
652134018.56756,52.387282,13.668199999999999,810473.3396,810470.8342,71.7049,71.7582,31.9085
654466821.1356595,52.372634,13.660779,810687.9928,810685.6224,72.0965,72.1347,32.2283
654466821.1851304,52.375484,13.659396,810688.6939,810686.3234,72.0216,72.0598,32.1612
654466821.2345886,52.378333999999995,13.658012999999999,810689.2013,810686.8307,72.1404,72.1785,32.2877
654466821.284034,52.381181999999995,13.65663,810689.8788,810687.5081,72.0888,72.1269,32.2438
656799621.8254757,52.370242,13.667601999999999,810608.2744,810605.8086,70.7858,70.8244,30.9166
656799621.8749211,52.373090999999995,13.66622,810608.2569,810605.7912,71.4183,71.4569,31.5573
656799621.9243793,52.37594,13.664836999999999,810608.3021,810605.8365,71.9881,72.0267,32.1354
656799621.9738376,52.378789999999995,13.663454999999999,810608.8565,810606.3910,72.0488,72.0874,32.2043
656799622.0232842,52.381639,13.662072,810609.5113,810607.0458,72.0090,72.0476,32.1724
656799622.0727425,52.384488,13.660689,810610.0550,810607.5896,72.0803,72.1189,32.2514
656799622.1222007,52.387338,13.659305999999999,810610.7257,810608.2603,72.0247,72.0633,32.2035
659132418.706312,52.372341,13.675697,810379.1046,810376.7193,70.9452,70.9692,31.0778
659132418.7557447,52.375189999999996,13.674315,810380.6058,810378.2205,70.0619,70.0858,30.2026
659132418.8051775,52.378038,13.672934,810380.1832,810377.7979,71.1024,71.1263,31.2512
659132418.8546102,52.380886,13.671552,810380.4023,810378.0171,71.5011,71.5250,31.6581
659132418.904043,52.383734999999994,13.670171,810380.6451,810378.2599,71.8762,71.9001,32.0412
659132418.953476,52.386582999999995,13.668788999999999,810381.3795,810378.9944,71.7595,71.7834,31.9327
659132419.0029085,52.389430999999995,13.667406999999999,810382.6895,810380.3044,71.0674,71.0913,31.2486
661465214.838007,52.371013,13.662011,810391.6817,810389.2577,72.1499,72.1002,32.1887
661465214.8874531,52.373861999999995,13.660627999999999,810392.3638,810389.9398,72.0996,72.0499,32.1465
661465214.9368863,52.376709999999996,13.659244999999999,810392.9470,810390.5230,72.1480,72.0983,32.2030
661465214.9863198,52.379557999999996,13.657860999999999,810393.5952,810391.1712,72.1315,72.0818,32.1946
661465215.0357525,52.382407,13.656478,810394.2674,810391.8433,72.0910,72.0413,32.1619
663798021.4507377,52.370287999999995,13.658329,810669.5903,810667.2676,71.9055,71.7481,31.8306
663798021.5001957,52.373138,13.656946,810669.8835,810667.5607,72.2468,72.0894,32.1796
666130823.434299,52.371399999999994,13.663708999999999,810764.8444,810762.5158,66.8038,66.5989,26.6913
666130823.4837825,52.374251,13.662325,810759.9267,810757.5980,72.3413,72.1364,32.2365
666130823.5332408,52.3771,13.660943,810760.6112,810758.2825,72.2763,72.0714,32.1794
666130823.5826991,52.37995,13.659559999999999,810761.2682,810758.9394,72.2388,72.0339,32.1496
666130823.6321828,52.382801,13.658176,810761.8185,810759.4897,72.3083,72.1035,32.2270
666130823.6816411,52.38565,13.656792999999999,810762.5005,810760.1716,72.2458,72.0409,32.1723
668463620.791359,52.376839999999994,13.675061,810491.0526,810488.6750,71.2585,71.0971,31.2204
668463620.8408043,52.379689,13.673679,810491.0670,810488.6894,71.8541,71.6927,31.8242
668463620.89025,52.382538999999994,13.672296999999999,810491.5972,810489.2196,71.9340,71.7726,31.9123
668463620.9396954,52.385386999999994,13.670914999999999,810492.0171,810489.6394,72.1242,71.9628,32.1105
668463620.989141,52.388237,13.669533,810492.8627,810490.4850,71.8886,71.7272,31.8831
670796423.6448476,52.372460999999994,13.662833,810283.5989,810281.2217,72.3111,72.2533,32.3476
670796423.6942804,52.37531,13.661451,810284.4070,810282.0298,72.1242,72.0664,32.1686
670796423.7437005,52.378156999999995,13.660067999999999,810284.9731,810282.5959,72.1791,72.1213,32.2314
670796423.7931204,52.381004999999995,13.658686,810285.6379,810283.2607,72.1353,72.0775,32.1956
670796423.8425405,52.383852,13.657302999999999,810286.2735,810283.8963,72.1207,72.0630,32.1889
673129227.7455821,52.372301,13.666127,810441.0672,810438.6564,71.5999,71.6583,31.7557
673129227.7950149,52.37515,13.664745,810441.4090,810438.9982,71.8897,71.9481,32.0535
673129227.8444476,52.377998,13.663362999999999,810442.1130,810439.7022,71.8173,71.8756,31.9892
673129227.8938932,52.380846999999996,13.66198,810442.5562,810440.1454,72.0058,72.0641,32.1857
673129227.9433515,52.383696,13.660597,810443.2429,810440.8321,71.9510,72.0093,32.1390
673129227.9927843,52.386545,13.659213999999999,810443.8815,810441.4707,71.9440,72.0023,32.1400
673129228.042218,52.389393,13.657831,810444.4669,810442.0560,71.9903,72.0485,32.1940
675462027.7064533,52.371362,13.674852,810659.4980,810657.0627,70.0026,70.1232,30.2276
675462027.7559116,52.374210999999995,13.67347,810659.5910,810657.1556,70.5342,70.6547,30.7672
675462027.8053699,52.377061,13.672087,810658.9496,810656.5142,71.8002,71.9208,32.0414
675462027.8548408,52.379911,13.670703999999999,810659.5985,810657.1630,71.7761,71.8966,32.0253
675462027.904299,52.382760999999995,13.669322,810660.2784,810657.8429,71.7207,71.8412,31.9781
675462027.9537573,52.38561,13.667938999999999,810660.9896,810658.5540,71.6341,71.7546,31.8996
675462028.0032282,52.388461,13.666554999999999,810662.3522,810659.9166,70.8961,71.0166,31.1697
677794829.3005168,52.370405,13.670043999999999,810566.3056,810563.7936,72.0039,72.1117,32.2084
677794829.349963,52.373253999999996,13.668662,810568.0736,810565.5616,70.8478,70.9556,31.0600
677794829.3994217,52.376103,13.66728,810567.6006,810565.0887,71.9328,72.0406,32.1529
677794829.4488676,52.378952,13.665897999999999,810568.1519,810565.6400,71.9933,72.1011,32.2211
677794829.4983263,52.381802,13.664515,810568.8428,810566.3309,71.9145,72.0223,32.1501
677794829.5477724,52.384651,13.663132,810569.5202,810567.0084,71.8488,71.9566,32.0922
677794829.5972183,52.387499999999996,13.66175,810570.4872,810567.9754,71.4937,71.6015,31.7449
680127628.1739643,52.370625999999994,13.673401,810290.6199,810288.1489,71.9636,72.0514,32.1531
680127628.2233973,52.373473999999995,13.672018999999999,810292.9957,810290.5247,70.2015,70.2893,30.3987
680127628.27283,52.376323,13.670637999999999,810292.4680,810289.9969,71.3430,71.4308,31.5479
680127628.3222628,52.379171,13.669255999999999,810292.5437,810290.0726,71.8810,71.9688,32.0937
680127628.3716955,52.382019,13.667874,810293.1600,810290.6889,71.8784,71.9662,32.0989
680127628.4211283,52.384868,13.666492,810293.9057,810291.4346,71.7463,71.8341,31.9745
680127628.470561,52.387716,13.665109,810294.9715,810292.5004,71.2942,71.3820,31.5302
682460424.9938009,52.385403,13.675676999999999,810285.0451,810282.5750,71.8172,71.9092,32.0633
682460425.0432346,52.388251,13.674294999999999,810285.6883,810283.2181,71.8029,71.8949,32.0567
684793223.8181016,52.371067,13.659583999999999,810584.1852,810581.6858,71.7149,71.8019,31.8877
684793223.8675599,52.373917,13.658199999999999,810584.4923,810581.9930,72.0420,72.1291,32.2229
684793223.9170182,52.376765999999996,13.656817,810585.1746,810582.6753,71.9940,72.0810,32.1830
687126026.7578058,52.370467999999995,13.666597999999999,810748.6006,810746.1980,70.9358,70.9636,31.0554
687126026.8072641,52.373317,13.665216,810748.8925,810746.4899,71.2654,71.2932,31.3931
687126026.856735,52.376166999999995,13.663832,810748.7990,810746.3963,71.9807,72.0085,32.1164
687126026.9062061,52.379017,13.662448999999999,810749.3845,810746.9818,72.0168,72.0446,32.1606
687126026.9556644,52.381867,13.661066,810750.0488,810747.6461,71.9740,72.0018,32.1259
687126027.0051353,52.384716999999995,13.659682,810750.7433,810748.3406,71.9011,71.9289,32.0611
687126027.0545945,52.387567,13.658299,810752.3948,810749.9920,70.8711,70.8989,31.0388
689458825.0612285,52.377601999999996,13.675436999999999,810532.3544,810529.9376,72.1407,72.0465,32.1740
689458825.1106739,52.380451,13.674055,810533.2814,810530.8645,71.8260,71.7318,31.8670
689458825.1601195,52.3833,13.672671999999999,810533.6687,810531.2518,72.0509,71.9567,32.0996
689458825.2095649,52.386148999999996,13.671289,810534.2743,810531.8574,72.0575,71.9633,32.1140
689458825.2590232,52.388998,13.669906,810536.4949,810534.0779,70.4493,70.3551,30.5134
691791623.5555584,52.376276,13.675030999999999,810318.7574,810316.4390,71.1769,70.9830,31.1045
691791623.6049912,52.379124,13.673649999999999,810318.7701,810316.4517,71.7862,71.5923,31.7217
691791623.6544242,52.381972,13.672267999999999,810319.1925,810316.8741,71.9857,71.7918,31.9292
691791623.703857,52.384820999999995,13.670886,810319.6612,810317.3428,72.1390,71.9451,32.0904
691791623.7532897,52.387668999999995,13.669504,810320.4731,810318.1547,71.9490,71.7552,31.9084
694124425.2487683,52.37155,13.662395,810500.3442,810497.9544,71.7187,71.5472,31.6391
694124425.2982137,52.374399,13.661012,810500.4039,810498.0141,72.2952,72.1237,32.2233
694124425.3476593,52.377247,13.659628999999999,810501.0923,810498.7025,72.2430,72.0715,32.1788
694124425.3971047,52.380095999999995,13.658246,810501.7665,810499.3768,72.2049,72.0335,32.1486
694124425.4465504,52.382945,13.656861999999999,810502.3098,810499.9201,72.2978,72.1264,32.2492
696457229.7182741,52.371618999999995,13.660734999999999,810517.0995,810514.6808,71.8791,71.8144,31.9033
696457229.76772,52.374468,13.659353,810517.5071,810515.0884,72.0953,72.0306,32.1274
696457229.8171659,52.377317,13.657969999999999,810518.0474,810515.6287,72.1788,72.1141,32.2189
696457229.866612,52.380165999999996,13.656588,810518.7020,810516.2833,72.1481,72.0834,32.1962
698790027.2381623,52.375347,13.675192,810526.4701,810524.1324,69.4562,69.4976,29.6169
698790027.2876205,52.378197,13.67381,810525.3265,810522.9888,71.2241,71.2654,31.3926
698790027.3370659,52.381046,13.672428,810525.3576,810523.0199,71.8172,71.8585,31.9935
698790027.3865116,52.383894999999995,13.671045999999999,810525.8118,810523.4741,71.9871,72.0284,32.1711
698790027.435957,52.386744,13.669663,810526.4463,810524.1086,71.9768,72.0181,32.1686
698790027.4854026,52.389593,13.668280999999999,810527.6597,810525.3220,71.3875,71.4288,31.5871
701122827.2314084,52.370000999999995,13.660267,810556.5675,810554.1705,71.6944,71.7891,31.8735
701122827.280854,52.37285,13.658883999999999,810557.0763,810554.6793,71.8089,71.9037,31.9958
701122827.3302994,52.375699,13.657501,810557.7115,810555.3145,71.7970,71.8918,31.9916
701122827.3797576,52.378549,13.656117,810558.4269,810556.0298,71.7052,71.7999,31.9075
703455629.0718749,52.372234999999996,13.670528,810546.5795,810544.1709,70.4366,70.5063,30.6101
703455629.1213329,52.375085,13.669144999999999,810545.8107,810543.4020,71.8264,71.8961,32.0076
703455629.1707785,52.377933,13.667762999999999,810546.3097,810543.9010,71.9482,72.0179,32.1372
703455629.2202239,52.380781999999996,13.66638,810546.9707,810544.5619,71.9080,71.9777,32.1047
703455629.2696695,52.383631,13.664997,810547.6668,810545.2579,71.8328,71.9025,32.0372
703455629.3191149,52.38648,13.663613999999999,810549.1351,810546.7262,70.9852,71.0549,31.1974
703455629.3685732,52.38933,13.662231,810549.3440,810546.9350,71.3973,71.4670,31.6172
705788429.6676188,52.370667,13.67474,810464.4092,810461.9623,72.1448,72.1596,32.2614
705788429.7170649,52.373515999999995,13.673357999999999,810467.1592,810464.7123,70.0133,70.0281,30.1380
705788429.7665236,52.376366,13.671975999999999,810465.4834,810463.0365,72.3077,72.3225,32.4405
705788429.8159568,52.379214,13.670594,810466.4396,810463.9927,71.9697,71.9845,32.1106
705788429.8654029,52.382062999999995,13.669212,810467.1322,810464.6853,71.8956,71.9104,32.0446
705788429.9148617,52.384913,13.667829,810467.9118,810465.4649,71.7345,71.7493,31.8916
705788429.9642949,52.387761,13.666445999999999,810469.0695,810466.6226,71.1951,71.2099,31.3603
708121228.8015358,52.375831,13.674951,810420.7994,810418.2862,72.0614,72.0713,32.1912
708121228.8509812,52.378679999999996,13.673568999999999,810421.4715,810418.9584,72.0102,72.0202,32.1482
708121228.900414,52.381529,13.672187,810422.1335,810419.6204,71.9690,71.9790,32.1151
708121228.9498594,52.384378,13.670803999999999,810422.6798,810420.1668,72.0436,72.0536,32.1980
708121228.9992921,52.387226,13.669421999999999,810423.5369,810421.0239,71.8073,71.8173,31.9698
710454027.8146029,52.371068,13.675768999999999,810452.4042,810449.9154,71.9378,71.9916,32.0962
710454027.8640485,52.373917,13.674387,810455.1719,810452.6831,69.7934,69.8472,29.9601
710454027.9134939,52.376765999999996,13.673005999999999,810453.8199,810451.3310,71.7687,71.8225,31.9436
710454027.9629395,52.379615,13.671624,810454.5160,810452.0270,71.6960,71.7498,31.8792
710454028.0123851,52.382464,13.670242,810455.0629,810452.5739,71.7723,71.8261,31.9636
710454028.0618315,52.385313,13.668859999999999,810455.7693,810453.2802,71.6893,71.7431,31.8883
710454028.1112771,52.388161999999994,13.667477,810456.7183,810454.2291,71.3636,71.4174,31.5703
712786824.6089804,52.382042,13.675125,810508.6380,810506.1628,71.9457,72.0308,32.1718
712786824.6584258,52.384890999999996,13.673743,810509.2956,810506.8203,71.9109,71.9960,32.1449
712786824.7078712,52.38774,13.672360999999999,810509.9533,810507.4779,71.8760,71.9611,32.1179
715119621.8948247,52.372274999999995,13.659493999999999,810505.8214,810503.3435,72.0197,72.0854,32.1753
715119621.9442708,52.375124,13.658109999999999,810506.4716,810503.9937,71.9910,72.0567,32.1548
715119621.9937167,52.377973,13.656727,810507.1392,810504.6613,71.9450,72.0107,32.1170
717452424.7730637,52.371717,13.665122,810484.9293,810482.4896,71.4611,71.4644,31.5587
717452424.8225098,52.374565999999994,13.663739999999999,810484.9479,810482.5082,72.0648,72.0681,32.1705
717452424.8719559,52.377415,13.662357,810485.5781,810483.1384,72.0568,72.0601,32.1706
717452424.9214017,52.380264,13.660974,810486.1594,810483.7197,72.0977,72.1010,32.2195
717452424.970835,52.383112,13.659590999999999,810486.8494,810484.4097,72.0298,72.0331,32.1597
717452425.0202808,52.385960999999995,13.658208,810487.5001,810485.0604,72.0013,72.0046,32.1392
717452425.0697386,52.38881,13.656823999999999,810488.0303,810485.5905,72.0935,72.0968,32.2390
719785224.116924,52.370473,13.673045,810497.4043,810494.9468,72.2498,72.2019,32.3028
719785224.1663702,52.373321999999995,13.671662999999999,810498.0673,810495.6098,72.2126,72.1648,32.2734
719785224.2158163,52.376171,13.67028,810498.7668,810496.3093,72.1388,72.0910,32.2073
719785224.2652624,52.37902,13.668897999999999,810499.4529,810496.9953,72.0785,72.0306,32.1547
719785224.3147082,52.381868999999995,13.667515,810500.1210,810497.6634,72.0361,71.9882,32.1201
719785224.3641543,52.384718,13.666132999999999,810500.8301,810498.3725,71.9527,71.9048,32.0444
719785224.4136004,52.387566,13.66475,810501.9690,810499.5114,71.4395,71.3917,31.5390
722118021.097858,52.377412,13.675925999999999,810553.9807,810551.6472,72.0216,71.9810,32.1083
722118021.1473033,52.380261,13.674544,810554.5377,810552.2041,72.0914,72.0508,32.1858
722118021.196749,52.383109999999995,13.673162,810555.2048,810552.8711,72.0512,72.0106,32.1533
722118021.2462072,52.385959,13.671778999999999,810555.8535,810553.5198,72.0293,71.9888,32.1393
722118021.2956526,52.388808,13.670397,810556.3848,810554.0510,72.1248,72.0843,32.2425
724450820.2549558,52.370954999999995,13.662937999999999,810591.1065,810588.7656,71.2516,71.2540,31.3445
724450820.3044014,52.373804,13.661555,810591.0444,810588.7034,71.9395,71.9419,32.0401
724450820.3538597,52.376653,13.660172,810591.6917,810589.3506,71.9181,71.9205,32.0265
724450820.4033179,52.379503,13.658788,810592.2363,810589.8951,71.9994,72.0018,32.1155
724450820.4527633,52.382351,13.657404999999999,810592.9316,810590.5903,71.9299,71.9323,32.0538
724450820.5022216,52.385200999999995,13.656020999999999,810593.4261,810591.0847,72.0613,72.0637,32.1929
726783622.4538605,52.369982,13.671173,810566.3445,810563.9539,72.0383,72.0659,32.1619
726783622.5033188,52.372831,13.669789999999999,810568.5351,810566.1446,70.4716,70.4992,30.6031
726783622.552777,52.375681,13.668407,810567.6216,810565.2311,72.0090,72.0365,32.1483
726783622.6022227,52.37853,13.667024,810568.2897,810565.8993,71.9646,71.9922,32.1118
726783622.6516681,52.381378,13.665642,810568.9168,810566.5264,71.9612,71.9887,32.1162
726783622.7011263,52.384228,13.664258,810569.6063,810567.2160,71.8956,71.9231,32.0585
726783622.7505722,52.387077,13.662875,810570.5394,810568.1492,71.5861,71.6136,31.7569
729116424.3685975,52.370196,13.669324,810524.8146,810522.3826,70.4341,70.4393,30.5343
729116424.4180431,52.373045,13.667943,810525.2400,810522.8080,70.6330,70.6382,30.7410
729116424.4674885,52.375893999999995,13.666561,810524.5657,810522.1337,71.9317,71.9369,32.0475
729116424.5169468,52.378744,13.665178,810525.1948,810522.7628,71.9271,71.9323,32.0507
729116424.5663924,52.381592999999995,13.663796,810525.8520,810523.4200,71.8942,71.8994,32.0256
729116424.6158378,52.384442,13.662414,810526.4517,810524.0197,71.9188,71.9240,32.0580
729116424.6652834,52.387291,13.661031,810527.3548,810524.9228,71.6400,71.6452,31.7870
731449222.5161855,52.370537999999996,13.659683,810552.3548,810550.0123,71.9427,71.8900,31.9746
731449222.5656309,52.373385999999996,13.658299999999999,810552.6761,810550.3337,72.2483,72.1957,32.2881
731449222.6150892,52.376236,13.656917,810553.3747,810551.0323,72.1768,72.1241,32.2244
733782026.7900777,52.371198,13.664798,810617.9521,810615.5572,72.3925,72.2955,32.3877
733782026.8395486,52.374049,13.663414999999999,810618.6203,810616.2254,72.3484,72.2513,32.3516
733782026.8889942,52.376897,13.662032,810619.4284,810617.0336,72.1641,72.0671,32.1755
733782026.9384403,52.379746,13.660649,810620.1969,810617.8021,72.0194,71.9224,32.0389
733782026.9878991,52.382596,13.659265999999999,810620.7727,810618.3780,72.0675,71.9705,32.0951
733782027.0373445,52.385444,13.657883,810621.4769,810619.0822,71.9871,71.8901,32.0225
733782027.0868027,52.388293999999995,13.6565,810628.5232,810626.1284,65.5648,65.4678,25.6079
736114827.444252,52.370213,13.671536,810572.3452,810569.9310,72.2632,72.1798,32.2770
736114827.4936979,52.373062,13.670154,810574.4474,810572.0333,70.7785,70.6951,30.8002
736114827.5431569,52.375910999999995,13.668771999999999,810573.6841,810571.2701,72.1594,72.0760,32.1890
736114827.5926027,52.37876,13.66739,810574.3669,810571.9530,72.0941,72.0107,32.1316
736114827.6420486,52.381609,13.666006999999999,810574.9244,810572.5106,72.1540,72.0706,32.1993
736114827.6915069,52.384459,13.664625,810575.7433,810573.3297,71.9526,71.8693,32.0059
736114827.7409651,52.387308,13.663241999999999,810577.0728,810574.6593,71.2407,71.1574,31.3019
738447626.8563883,52.369968,13.672554,810425.6169,810423.1770,72.1383,72.1211,32.2184
738447626.905834,52.372817,13.671173,810427.5043,810425.0644,70.8681,70.8509,30.9564
738447626.9552796,52.375665999999995,13.669791,810427.8595,810425.4197,71.1300,71.1128,31.2267
738447627.0047252,52.378515,13.66841,810427.8970,810425.4572,71.7097,71.6925,31.8146
738447627.0541694,52.381364,13.667028,810428.2614,810425.8215,71.9626,71.9454,32.0752
738447627.1036022,52.384212999999995,13.665645999999999,810428.9882,810426.5483,71.8528,71.8356,31.9732
738447627.1530478,52.387062,13.664264,810430.3459,810427.9059,71.1123,71.0951,31.2403
740780423.4879494,52.377275,13.675464999999999,810374.4302,810371.8479,71.9181,71.9667,32.0921
740780423.5373826,52.380123999999995,13.674083999999999,810375.0009,810372.4187,71.9712,72.0198,32.1532
740780423.5868287,52.382973,13.672702,810376.0524,810373.4703,71.5435,71.5921,31.7334
740780423.6362619,52.385821,13.67132,810376.6593,810374.0772,71.5604,71.6089,31.7581
740780423.6856952,52.38867,13.669938,810378.3953,810375.8133,70.4481,70.4967,30.6537
743113220.9627273,52.373768999999996,13.674999,810487.2154,810484.7196,69.8964,69.9709,30.0847
743113221.0121739,52.376618,13.673618,810487.1016,810484.6058,70.6375,70.7120,30.8341
743113221.0616202,52.379467,13.672236,810486.9499,810484.4539,71.4167,71.4912,31.6210
743113221.1110663,52.382315999999996,13.670853999999999,810487.0742,810484.5780,71.9200,71.9944,32.1320
743113221.1605251,52.385166,13.669471999999999,810487.7856,810485.2893,71.8362,71.9107,32.0559
743113221.2099712,52.388014999999996,13.66809,810488.7166,810486.2201,71.5327,71.6072,31.7601
745446016.1018467,52.380922999999996,13.674942,810587.3366,810584.7017,72.0050,72.0663,32.2041
745446016.151305,52.383772,13.67356,810588.0020,810585.3671,71.9670,72.0283,32.1739
745446016.2007506,52.386621,13.672177999999999,810588.6460,810586.0110,71.9504,72.0117,32.1649
745446016.250196,52.389469999999996,13.670796,810589.8956,810587.2606,71.3280,71.3893,31.5502
747778820.0974996,52.370419,13.658294999999999,810649.6806,810647.2115,71.8948,71.9338,32.0174
747778820.1469579,52.373267999999996,13.656912,810650.0912,810647.6219,72.1039,72.1428,32.2341
750111620.6244278,52.370928,13.667933999999999,810465.7284,810463.2624,70.5546,70.5845,30.6794
750111620.673861,52.373777,13.666552,810465.0082,810462.5422,71.8920,71.9219,32.0248
750111620.7233071,52.376625999999995,13.665168999999999,810465.4977,810463.0317,72.0199,72.0498,32.1607
750111620.7727404,52.379473999999995,13.663787,810466.1496,810463.6836,71.9853,72.0152,32.1340
750111620.8221865,52.382323,13.662403999999999,810466.7068,810464.2408,72.0454,72.0753,32.2021
750111620.871645,52.385172999999995,13.661021,810467.3698,810464.9038,71.9999,72.0298,32.1646
750111620.9210906,52.388022,13.659638,810468.0094,810465.5434,71.9777,72.0076,32.1504
750111620.6246696,52.370943,13.667926999999999,810465.7230,810463.2570,70.5678,70.5977,30.6927
750111620.6741157,52.373791999999995,13.666545,810465.0075,810462.5415,71.9007,71.9306,32.0335
750111620.7235489,52.376639999999995,13.665163,810465.4993,810463.0333,72.0261,72.0560,32.1669
750111620.772995,52.379489,13.66378,810466.1517,810463.6857,71.9911,72.0210,32.1399
750111620.8224411,52.382338,13.662396999999999,810466.7087,810464.2427,72.0514,72.0813,32.2082
750111620.8718743,52.385186,13.661014999999999,810467.3712,810464.9052,72.0061,72.0360,32.1708
750111620.9213326,52.388036,13.659631,810468.0125,810465.5465,71.9824,72.0123,32.1551
750111620.6247587,52.370947,13.667924,810465.7207,810463.2545,70.5411,70.5709,30.6659
750111620.6742048,52.373796,13.666542,810465.0071,810462.5410,71.8720,71.9019,32.0048
750111620.7236507,52.376644999999996,13.66516,810465.5000,810463.0340,71.9964,72.0263,32.1372
750111620.7730842,52.379494,13.663777,810466.1524,810463.6865,71.9611,71.9910,32.1099
750111620.8225429,52.382343,13.662393999999999,810466.6968,810464.2309,72.0343,72.0641,32.1910
750111620.8719761,52.385191999999996,13.661012,810467.3719,810464.9061,71.9763,72.0062,32.1410
750111620.9214218,52.38804,13.659628999999999,810468.0136,810465.5479,71.9518,71.9817,32.1245
752444419.8792927,52.372304,13.66971,810389.3672,810387.0334,70.9305,70.9589,31.0609
752444419.9287255,52.375153,13.668329,810389.0933,810386.7595,71.8316,71.8600,31.9702
752444419.9781582,52.378001,13.666946999999999,810389.6315,810387.2978,71.9206,71.9490,32.0676
752444420.0275922,52.380849,13.665564999999999,810390.7499,810388.4162,71.4295,71.4579,31.5844
752444420.0770254,52.383697999999995,13.664183,810392.0653,810389.7315,70.7415,70.7699,30.9040
752444420.1264589,52.386545999999996,13.662801,810393.0410,810390.7072,70.3930,70.4214,30.5633
752444420.1758921,52.389393999999996,13.661418999999999,810395.6937,810393.3599,68.3676,68.3960,28.5456
752444419.8793182,52.372305,13.66971,810389.3667,810387.0329,70.9305,70.9590,31.0610
752444419.928751,52.375153999999995,13.668327999999999,810389.0932,810386.7594,71.8313,71.8598,31.9700
752444419.9781837,52.378001999999995,13.666946,810389.6317,810387.2980,71.9199,71.9484,32.0670
752444420.0276177,52.380851,13.665564999999999,810390.7509,810388.4172,71.4280,71.4565,31.5830
752444420.0770509,52.383699,13.664183,810392.0657,810389.7319,70.7406,70.7691,30.9033
752444420.126497,52.386548,13.662799999999999,810393.0407,810390.7069,70.3930,70.4215,30.5634
752444420.1759303,52.389396,13.661418,810395.6937,810393.3599,68.3673,68.3958,28.5454
752444419.8791399,52.372295,13.669713999999999,810389.3678,810387.0168,70.9295,70.9579,31.0599
752444419.9285727,52.375142999999994,13.668332999999999,810389.0927,810386.7417,71.8319,71.8603,31.9706
752444419.9780183,52.377992,13.666951,810389.6297,810387.2787,71.9223,71.9507,32.0692
752444420.0274522,52.380841,13.665569,810390.7460,810388.3950,71.4333,71.4617,31.5882
752444420.0768855,52.383689,13.664187,810392.0621,810389.7110,70.7446,70.7730,30.9071
752444420.1263187,52.386537999999994,13.662804999999999,810393.0390,810390.6879,70.3949,70.4233,30.5652
752444420.1757522,52.389385999999995,13.661423,810395.6940,810393.3428,68.3673,68.3956,28.5452
754777216.9505785,52.371814,13.660274999999999,810546.8147,810544.4759,71.9914,71.9936,32.0834
754777217.0000241,52.374663,13.658890999999999,810547.4563,810545.1175,71.9851,71.9873,32.0853
754777217.0494816,52.377511999999996,13.657508,810548.0073,810545.6684,72.0696,72.0718,32.1775
754777217.0989275,52.380361,13.656124,810548.7018,810546.3628,72.0104,72.0125,32.1260
754777216.9504638,52.371807999999994,13.660276999999999,810546.8146,810544.4758,72.0066,72.0088,32.0986
754777216.9999094,52.374657,13.658894,810547.4553,810545.1165,72.0011,72.0033,32.1013
754777217.049367,52.377506,13.657511,810548.1012,810545.7623,71.9907,71.9929,32.0986
754777217.0988128,52.380354999999994,13.656127,810548.7915,810546.4525,71.9357,71.9378,32.0513
754777216.9499671,52.37178,13.660290999999999,810546.8140,810544.4827,71.9214,71.9238,32.0134
754777216.9994254,52.374629999999996,13.658907,810547.4512,810545.1199,71.9196,71.9219,32.0198
754777217.0488706,52.377477999999996,13.657523999999999,810548.0040,810545.6726,72.0021,72.0044,32.1100
754777217.0983291,52.380328,13.656139999999999,810548.6930,810546.3616,71.9485,71.9508,32.0642
757110021.9673214,52.369997,13.662193,810743.2304,810740.8492,72.1933,72.1247,32.2108
757110022.0167806,52.372847,13.66081,810743.7774,810741.3962,72.2749,72.2063,32.3007
757110022.0662527,52.375696999999995,13.659426,810744.4929,810742.1116,72.1884,72.1198,32.2219
757110022.1157241,52.378547,13.658043,810745.0971,810742.7157,72.2131,72.1445,32.2543
757110022.1651955,52.381397,13.656659,810745.9192,810743.5377,72.0199,71.9513,32.0688
757110021.967665,52.370017,13.662182999999999,810743.2131,810740.8319,72.2205,72.1519,32.2381
757110022.0171244,52.372867,13.6608,810743.7818,810741.4006,72.2804,72.2118,32.3062
757110022.0665963,52.375716999999995,13.659417,810744.4953,810742.1140,72.1959,72.1273,32.2294
757110022.1160676,52.378567,13.658033,810745.1026,810742.7212,72.2175,72.1489,32.2588
757110022.1655264,52.381415999999994,13.656649,810745.9226,810743.5411,72.0262,71.9576,32.0752
757110021.9672704,52.369994,13.662194,810743.2340,810740.8582,72.1717,72.1031,32.1892
757110022.0167296,52.372844,13.660810999999999,810743.7768,810741.4010,72.2576,72.1890,32.2833
757110022.066189,52.375693,13.659428,810744.4925,810742.1166,72.1706,72.1020,32.2041
757110022.1156604,52.378543,13.658043999999999,810745.0962,810742.7202,72.1958,72.1272,32.2370
757110022.1651192,52.381392999999996,13.656661,810745.9185,810743.5424,72.0023,71.9337,32.0512
759442821.7661374,52.371672999999994,13.675227999999999,810642.1587,810639.7754,69.8892,69.7414,29.8474
759442821.8155828,52.374522,13.673846,810643.2457,810640.8625,69.4195,69.2718,29.3859
759442821.8650539,52.377373,13.672462999999999,810642.7696,810640.3864,70.5134,70.3656,30.4880
759442821.9144995,52.380221,13.67108,810642.5221,810640.1390,71.3782,71.2305,31.3610
759442821.9639578,52.383071,13.669697,810642.5581,810640.1751,71.9597,71.8120,31.9508
759442822.0134287,52.385920999999996,13.668313,810643.0642,810640.6812,72.0714,71.9237,32.0705
759442822.062886,52.388771,13.666929999999999,810643.9991,810641.6161,71.7540,71.6064,31.7608
759442821.7662902,52.371682,13.675224,810642.1619,810639.7786,69.8934,69.7456,29.8516
759442821.8157482,52.374531999999995,13.673841,810643.2488,810640.8656,69.4240,69.2763,29.3904
759442821.8652196,52.377382,13.672457999999999,810642.7715,810640.3883,70.5190,70.3712,30.4936
759442821.914665,52.380230999999995,13.671075,810642.5224,810640.1393,71.3855,71.2378,31.3683
759442821.9641232,52.38308,13.669692,810642.5590,810640.1760,71.9664,71.8187,31.9575
759442822.0135942,52.385931,13.668308999999999,810643.0656,810640.6826,72.0775,71.9298,32.0766
759442822.0630515,52.38878,13.666924999999999,810644.0016,810641.6186,71.7590,71.6114,31.7658
759442821.7660098,52.371666,13.675232,810642.1561,810639.7822,69.8929,69.7454,29.8513
759442821.8154681,52.374516,13.673848999999999,810643.2434,810640.8695,69.4232,69.2756,29.3898
759442821.8649395,52.377365999999995,13.672466,810642.7685,810640.3947,70.5158,70.3683,30.4906
759442821.9143848,52.380215,13.671083999999999,810642.5215,810640.1477,71.3802,71.2327,31.3632
759442821.9638302,52.383063,13.669701,810642.5574,810640.1837,71.9617,71.8142,31.9529
759442822.0133014,52.385914,13.668317,810643.0626,810640.6889,72.0742,71.9267,32.0735
759442822.0627587,52.388763,13.666934,810643.9972,810641.6234,71.7573,71.6098,31.7642
761775622.4235158,52.37199,13.67424,810417.7826,810415.3349,71.6337,71.4526,31.5590
761775622.4729612,52.374838999999994,13.672858,810417.7519,810415.3042,72.2835,72.1024,32.2167
761775622.522394,52.377686999999995,13.671477,810418.5029,810416.0551,72.1515,71.9703,32.0925
761775622.5718267,52.380536,13.670095,810419.1681,810416.7203,72.1053,71.9241,32.0541
761775622.6212595,52.383384,13.668712999999999,810419.7785,810417.3307,72.1138,71.9326,32.0705
761775622.6707051,52.386233,13.667330999999999,810420.5449,810418.0971,71.9665,71.7853,31.9311
761775622.7201505,52.389081999999995,13.665949,810421.6185,810419.1707,71.5119,71.3307,31.4844
761775622.4238596,52.372009999999996,13.67423,810417.7883,810415.3406,71.6396,71.4585,31.5650
761775622.4732924,52.374857999999996,13.672849,810417.7561,810415.3084,72.2908,72.1097,32.2240
761775622.5227377,52.377707,13.671467,810418.5084,810416.0606,72.1577,71.9765,32.0987
761775622.5721705,52.380555,13.670085,810419.1726,810416.7248,72.1124,71.9312,32.0613
761775622.6216035,52.383404,13.668704,810419.7812,810417.3334,72.1227,71.9415,32.0795
761775622.6710489,52.386252999999996,13.667321,810420.5534,810418.1056,71.9696,71.7884,31.9343
761775622.7204943,52.389102,13.665939,810421.6301,810419.1823,71.5120,71.3308,31.4845
761775622.423312,52.371978,13.674246,810417.7801,810415.3337,71.6298,71.4487,31.5551
761775622.4727576,52.374826999999996,13.672863999999999,810417.7492,810415.3028,72.2798,72.0987,32.2130
761775622.5221903,52.377674999999996,13.671482,810418.4996,810416.0532,72.1484,71.9674,32.0895
761775622.5716484,52.380525,13.6701,810419.1656,810416.7192,72.1016,71.9206,32.0506
761775622.6210814,52.383373,13.668718,810419.7771,810417.3307,72.1090,71.9280,32.0659
761775622.6705141,52.386222,13.667337,810420.5403,810418.0939,71.9648,71.7838,31.9295
761775622.7199595,52.389070999999994,13.665954,810421.6120,810419.1656,71.5121,71.3311,31.4847
764108423.0095415,52.369823999999994,13.660620999999999,810436.6150,810434.2249,72.1087,71.9636,32.0479
764108423.0589752,52.372671999999994,13.659238,810437.1046,810434.7144,72.2482,72.1031,32.1951
764108423.1084082,52.375519999999995,13.657855,810437.9072,810435.5169,72.0747,71.9296,32.0293
764108423.157841,52.378367999999995,13.656471999999999,810438.7560,810436.3657,71.8549,71.7098,31.8173
764108423.0094779,52.36982,13.660622,810436.6153,810434.2252,72.1076,71.9625,32.0468
764108423.0589116,52.372668,13.659239999999999,810437.1035,810434.7133,72.2485,72.1034,32.1954
764108423.1083446,52.375516,13.657857,810437.9064,810435.5161,72.0747,71.9296,32.0293
764108423.1577773,52.378364999999995,13.656474,810438.7551,810436.3648,71.8550,71.7099,31.8173
764108423.0097454,52.369836,13.660615,810436.6138,810434.2296,72.0905,71.9454,32.0297
764108423.0591791,52.372684,13.659232,810437.1080,810434.7237,72.2254,72.0803,32.1724
764108423.1086118,52.375532,13.657848999999999,810437.9096,810435.5252,72.0529,71.9078,32.0076
764108423.1580446,52.37838,13.656467,810438.7591,810436.3746,71.8325,71.6874,31.7949
766441227.1782417,52.372609999999995,13.664783,810646.5776,810644.1606,72.5379,72.4849,32.5831
766441227.2277,52.37546,13.6634,810647.5008,810645.0838,72.2438,72.1908,32.2968
766441227.2771583,52.37831,13.662016999999999,810648.2154,810645.7984,72.1583,72.1053,32.2190
766441227.3266037,52.381158,13.660635,810648.8870,810646.4699,72.1158,72.0627,32.1842
766441227.3760619,52.384007999999994,13.659251999999999,810649.5216,810647.1045,72.1103,72.0572,32.1864
766441227.425533,52.386858,13.657867999999999,810650.1747,810647.7576,72.0864,72.0333,32.1703
766441227.4749918,52.389708,13.656483999999999,810650.7593,810648.3422,72.1309,72.0778,32.2225
766441227.1783817,52.372619,13.664779,810646.5788,810644.1618,72.5339,72.4809,32.5792
766441227.2278273,52.375468,13.663395999999999,810647.5019,810645.0849,72.2397,72.1867,32.2927
766441227.2772856,52.378316999999996,13.662014,810648.2162,810645.7992,72.1546,72.1016,32.2154
766441227.3267438,52.381167,13.660630999999999,810648.8880,810646.4709,72.1119,72.0588,32.1803
766441227.3761892,52.384015,13.659248,810649.5228,810647.1057,72.1061,72.0530,32.1822
766441227.4256604,52.386866,13.657864,810650.1763,810647.7592,72.0818,72.0287,32.1657
766441227.4751062,52.389714,13.656481,810650.7602,810648.3431,72.1268,72.0737,32.2184
766441227.1784964,52.372625,13.664774999999999,810646.5799,810644.1773,72.5306,72.4776,32.5759
766441227.227942,52.375474,13.663393,810647.5029,810645.1003,72.2366,72.1836,32.2896
766441227.2774129,52.378324,13.662009999999999,810648.2171,810645.8145,72.1517,72.0987,32.2125
766441227.3268712,52.381173999999994,13.660627,810648.8888,810646.4861,72.1092,72.0561,32.1776
766441227.3763294,52.384023,13.659244,810649.5240,810647.1213,72.1031,72.0500,32.1793
766441227.4258003,52.386874,13.65786,810650.1777,810647.7750,72.0786,72.0255,32.1625
766441227.4752464,52.389722,13.656476999999999,810650.7613,810648.3586,72.1239,72.0708,32.2156
768774028.2331464,52.370411999999995,13.669977999999999,810674.5426,810672.0900,69.5790,69.6239,29.7207
768774028.2826047,52.373261,13.668595999999999,810675.0522,810672.5995,69.6882,69.7330,29.8376
768774028.332063,52.376110999999995,13.667214,810674.4803,810672.0276,70.8787,70.9235,31.0359
768774028.3815212,52.37896,13.665830999999999,810674.9437,810672.4909,71.0341,71.0789,31.1990
768774028.4309924,52.381811,13.664448,810675.6174,810673.1646,70.9792,71.0240,31.1519
768774028.4804506,52.38466,13.663065,810676.4241,810673.9712,70.7913,70.8360,30.9717
768774028.5299089,52.38751,13.661681999999999,810677.5704,810675.1175,70.2637,70.3085,30.4519
768774028.2331593,52.370414999999994,13.669977,810674.5428,810672.0904,70.5726,70.6174,30.7143
768774028.2826176,52.373264999999996,13.668595,810675.0523,810672.5998,70.6819,70.7267,30.8313
768774028.3320885,52.376115,13.667212999999999,810674.4805,810672.0280,71.8726,71.9174,32.0298
768774028.3815467,52.378963999999996,13.66583,810674.9439,810672.4914,72.0278,72.0726,32.1928
768774028.431005,52.381814,13.664447,810675.6175,810673.1649,71.9730,72.0178,32.1457
768774028.4804633,52.384664,13.663065,810676.4245,810673.9719,71.7846,71.8294,31.9651
768774028.5299342,52.387513999999996,13.661681,810677.5700,810675.1173,71.2580,71.3027,31.4462
768774028.2334013,52.370428,13.669970999999999,810674.4619,810671.9692,70.7602,70.8051,30.9019
768774028.2828596,52.373278,13.668588999999999,810675.0537,810672.5609,70.7872,70.8320,30.9366
768774028.3323305,52.376127999999994,13.667206,810674.4819,810671.9891,71.9779,72.0227,32.1351
768774028.3817887,52.378977,13.665823,810674.9488,810672.4560,72.1297,72.1745,32.2947
768774028.431247,52.381826999999994,13.664441,810675.6192,810673.1263,72.0780,72.1227,32.2507
768774028.4807053,52.384676,13.663058,810676.4296,810673.9367,71.8863,71.9310,32.0668
768774028.5301762,52.387527,13.661674999999999,810677.5710,810675.0781,71.3637,71.4085,31.5519
771106829.1481369,52.372614999999996,13.665011,810480.2250,810477.7619,71.5464,71.6374,31.7359
771106829.1975825,52.375464,13.663629,810480.5218,810478.0586,71.8633,71.9542,32.0605
771106829.2470407,52.378313,13.662246,810481.0954,810478.6322,71.9035,71.9944,32.1085
771106829.2964864,52.381161999999996,13.660864,810481.7821,810479.3189,71.8304,71.9214,32.0431
771106829.3459325,52.384011,13.659481999999999,810482.4933,810480.0300,71.7329,71.8238,31.9533
771106829.3953784,52.38686,13.658099,810483.6606,810481.1973,71.1792,71.2701,31.4073
771106829.4448118,52.389708999999996,13.656716999999999,810483.5211,810481.0577,71.9322,72.0231,32.1680
771106829.1478822,52.3726,13.665018,810480.2278,810477.7647,71.5362,71.6272,31.7257
771106829.1973279,52.375448999999996,13.663635999999999,810480.5192,810478.0560,71.8585,71.9494,32.0557
771106829.2467732,52.378298,13.662253999999999,810481.1123,810478.6491,71.8790,71.9699,32.0839
771106829.2962317,52.381147999999996,13.660871,810481.7794,810479.3162,71.8257,71.9167,32.0384
771106829.3456779,52.383997,13.659488999999999,810482.4883,810480.0250,71.7305,71.8214,31.9508
771106829.3951111,52.386845,13.658106,810483.6643,810481.2010,71.1679,71.2588,31.3960
771106829.4445572,52.389694,13.656723999999999,810483.5192,810481.0558,71.9267,72.0176,32.1625
771106829.1478441,52.372597999999996,13.665019,810480.2278,810477.7559,71.5402,71.6313,31.7298
771106829.1973023,52.375446999999994,13.663635999999999,810480.5188,810478.0469,71.8630,71.9540,32.0603
771106829.2467477,52.378296,13.662253999999999,810481.1119,810478.6400,71.8835,71.9745,32.0885
771106829.2961936,52.381145,13.660872,810481.7810,810479.3091,71.8280,71.9190,32.0407
771106829.3456395,52.383993999999994,13.65949,810482.4880,810480.0161,71.7346,71.8256,31.9550
771106829.3950856,52.386843,13.658107,810483.6648,810481.1929,71.1714,71.2624,31.3995
771106829.4445317,52.389692,13.656723999999999,810483.5191,810481.0472,71.9307,72.0217,32.1665
773439626.7054329,52.372544,13.671152,810328.8282,810326.3971,70.3141,70.4012,30.5053
773439626.7548659,52.375392999999995,13.66977,810327.7849,810325.3538,71.9774,72.0645,32.1766
773439626.8042986,52.378240999999996,13.668388,810328.4526,810326.0216,71.9297,72.0169,32.1370
773439626.8537314,52.38109,13.667005999999999,810329.1359,810326.7049,71.8665,71.9536,32.0819
773439626.9031768,52.383939,13.665624,810329.6956,810327.2646,71.9270,72.0141,32.1504
773439626.9526098,52.386787,13.664242,810330.6954,810328.2645,71.5471,71.6342,31.7786
773439627.0020425,52.389635,13.662859,810331.3951,810328.9642,71.4674,71.5545,31.7069
773439626.7052548,52.372533999999995,13.671156,810328.8317,810326.3948,70.2996,70.3867,30.4908
773439626.7546875,52.375381999999995,13.669775,810327.7834,810325.3466,71.9679,72.0550,32.1671
773439626.8041203,52.378231,13.668393,810328.4511,810326.0144,71.9201,72.0073,32.1274
773439626.853553,52.381079,13.667010999999999,810329.1343,810326.6977,71.8569,71.9441,32.0723
773439626.9029987,52.383928,13.665628,810329.6939,810327.2573,71.9175,72.0046,32.1409
773439626.9524314,52.386776999999995,13.664245999999999,810330.6916,810328.2551,71.5398,71.6269,31.7712
773439627.0018642,52.389624999999995,13.662863999999999,810331.3946,810328.9582,71.4567,71.5438,31.6962
775772424.294281,52.370349999999995,13.675514,810433.3054,810430.7686,71.9655,72.0431,32.1459
775772424.3437264,52.373199,13.674133,810436.2310,810433.6944,69.6700,69.7476,29.8582
775772424.393172,52.376048,13.672751,810434.5500,810432.0135,71.9813,72.0589,32.1773
775772424.4426048,52.378896999999995,13.671368999999999,810435.2313,810432.6950,71.9300,72.0076,32.1338
775772424.4920502,52.381746,13.669986999999999,810435.7969,810433.2608,71.9945,72.0721,32.2062
775772424.5414958,52.384595,13.668605,810436.6164,810434.0804,71.8052,71.8828,32.0246
775772424.5909412,52.387443999999995,13.667223,810438.0003,810435.4645,71.0514,71.1290,31.2787
778105220.9009006,52.373563999999995,13.675899,810614.4973,810612.0198,69.6501,69.7286,29.8423
778105220.9503593,52.376414,13.674517,810612.8291,810610.3516,71.9470,72.0255,32.1475
778105220.9998055,52.379262999999995,13.673136,810613.5234,810611.0459,71.8812,71.9597,32.0901
778105221.0492635,52.382113,13.671754,810614.2729,810611.7954,71.7604,71.8389,31.9770
778105221.0987093,52.384961999999994,13.670371999999999,810615.1116,810612.6340,71.5502,71.6287,31.7744
778105221.1481552,52.387811,13.668991,810616.1920,810613.7144,71.0983,71.1768,31.3303
780438022.1919734,52.370446,13.663922999999999,810693.7766,810691.2862,71.3564,71.4221,31.5122
780438022.2414317,52.373295999999996,13.66254,810693.6470,810691.1566,72.1099,72.1756,32.2734
780438022.29089,52.376145,13.661157,810694.3511,810691.8607,72.0297,72.0954,32.2009
780438022.3403482,52.378994999999996,13.659773999999999,810695.0053,810692.5149,71.9994,72.0650,32.1784
780438022.3898191,52.381845,13.658389999999999,810695.5422,810693.0519,72.0865,72.1522,32.2733
780438022.4392774,52.384693999999996,13.657005999999999,810696.2057,810693.7154,72.0469,72.1126,32.2414
782770823.781409,52.371199,13.668282999999999,810537.6244,810535.1210,71.0684,71.0658,31.1620
782770823.8308547,52.374047999999995,13.666901,810537.1747,810534.6713,72.1385,72.1359,32.2402
782770823.8803,52.376897,13.665517999999999,810537.8563,810535.3528,72.0773,72.0746,32.1871
782770823.9297583,52.379746999999995,13.664135,810538.5364,810536.0329,72.0177,72.0150,32.1356
782770823.9792166,52.382596,13.662752,810539.0518,810536.5483,72.1227,72.1200,32.2488
782770824.028661,52.385445,13.66137,810540.0172,810537.5136,71.7777,71.7750,31.9116
782770824.0781066,52.388293999999995,13.659987,810540.6416,810538.1380,71.7736,71.7709,31.9153
